﻿Этап,Ключевые триггеры,Точки контакта,Основной контент,Длительность
Этап 1: Осознание,Проблемы со здоровьем; Поиск духовного роста; Желание изобилия,Реклама в соцсетях; Блоги о эзотерике; Рекомендации друзей,Статьи о космоэнергетике; Бесплатные медитации; Вебинары,1-2 недели
Этап 2: Рассмотрение,Интерес к методам; Изучение отзывов; Сравнение с другими курсами,Лендинг курса; Демо-уроки; Консультации,Демо-видео с аватарами; Отзывы учеников; FAQ,3-7 дней
Этап 3: Покупка,Ограниченное предложение; Бонусы; Гарантия возврата,Страница оплаты; Чат-поддержка; Email-рассылка,Описание тарифов; Схема оплаты; Бонусы,1-3 дня
Этап 4: Обучение,Автоматическое уведомление; Напоминания; Сообщество,LMS платформа; Мобильное приложение; Zoom-сеансы,30 видеоуроков; 6 лайв космосеансов; Практические задания,3-6 месяцев
Этап 5: Результат и рекомендации,Достижение результатов; Завершение курса; Сертификация,Email; Социальные сети; Выпускные церемонии,Сертификаты; Программы лояльности; Реферальные бонусы,Постоянно
